Marcos;Marcaum@gmail.com;123;Marcaum;4764;padrao.png
souumteste;teste;1234;estoutestando;2937;padrao.png
lucas araujo;lucas@gmail.com;12345;luquinha;7893;padrao.png
testando123;teste@gmail.com;12345;testando;3045;padrao.png
teste;teste;teste;teste;5733;padrao.png
lucasAra;lucas@gmail.com;12345;Lucas Araujo;4758;padrao.png
testando;testando;testando;testando;4220;padrao.png
Matias narigudão;Matias;123;Matias nariz grande;9418;padrao.png
Angelx Neutre;123;1234;oi;6464;padrao.png
Amo paçoca;email;123;Slk familia to voano altokkkkkkkkkkkkk;1209;FNB.jfif
